{
  "hash": "8e7670b4",
  "configHash": "5bebe55a",
  "lockfileHash": "625c39e2",
  "browserHash": "26d2ed2e",
  "optimized": {
    "@angular/animations": {
      "src": "../../../../../node_modules/@angular/animations/fesm2022/animations.mjs",
      "file": "@angular_animations.js",
      "fileHash": "33751e88",
      "needsInterop": false
    },
    "@angular/common": {
      "src": "../../../../../node_modules/@angular/common/fesm2022/common.mjs",
      "file": "@angular_common.js",
      "fileHash": "290976d2",
      "needsInterop": false
    },
    "@angular/core": {
      "src": "../../../../../node_modules/@angular/core/fesm2022/core.mjs",
      "file": "@angular_core.js",
      "fileHash": "7ff1dd09",
      "needsInterop": false
    },
    "@angular/platform-browser": {
      "src": "../../../../../node_modules/@angular/platform-browser/fesm2022/platform-browser.mjs",
      "file": "@angular_platform-browser.js",
      "fileHash": "6423f652",
      "needsInterop": false
    },
    "@angular/platform-browser/animations": {
      "src": "../../../../../node_modules/@angular/platform-browser/fesm2022/animations.mjs",
      "file": "@angular_platform-browser_animations.js",
      "fileHash": "800ba68e",
      "needsInterop": false
    },
    "@angular/router": {
      "src": "../../../../../node_modules/@angular/router/fesm2022/router.mjs",
      "file": "@angular_router.js",
      "fileHash": "19d21a6c",
      "needsInterop": false
    }
  },
  "chunks": {
    "chunk-XNS6Q2XW": {
      "file": "chunk-XNS6Q2XW.js"
    },
    "chunk-U7PAWJPZ": {
      "file": "chunk-U7PAWJPZ.js"
    },
    "chunk-VGC5YQ7Y": {
      "file": "chunk-VGC5YQ7Y.js"
    },
    "chunk-RA33G2A7": {
      "file": "chunk-RA33G2A7.js"
    }
  }
}